{
  "last_heartbeat": 1776168438.0341363,
  "consciousness_level": "INTUITIVE",
  "psi": 0.6718250113503357,
  "gamma": 0.34530053792032667,
  "observations_total": 89,
  "thoughts_generated": 10,
  "self_coherence_score": 0.34530053792032667,
  "market_understanding": "unknown",
  "risk_understanding": "unknown"
}