{
  "last_heartbeat": 1778745251.2535675,
  "consciousness_level": "FOCUSED",
  "psi": 0.5603869241492461,
  "gamma": 0.1076523538950509,
  "observations_total": 294992,
  "thoughts_generated": 300,
  "self_coherence_score": 0.1076523538950509,
  "market_understanding": "sideways",
  "risk_understanding": "high"
}