lambda,decoherence_d,S_vN(nats),coherence_offdiag,C_expectation,gravity_energy,em_energy,weak_spectral_frac,em_spectral_frac,strong_spectral_frac
0.0,0.0,0.0,0.00307,0.012379,9.2e-05,8e-06,0.687527,0.05954,0.252933
0.2,0.2,1.515191,0.002456,0.012379,9.2e-05,8e-06,0.687527,0.05954,0.252933
0.4,0.4,2.7056,0.001842,0.012379,9.2e-05,8e-06,0.687527,0.05954,0.252933
0.6,0.6,3.725596,0.001228,0.012379,9.2e-05,8e-06,0.687527,0.05954,0.252933
0.8,0.8,4.576381,0.000614,0.012379,9.2e-05,8e-06,0.687527,0.05954,0.252933
1.0,1.0,5.126678,0.0,0.012379,9.2e-05,8e-06,0.687527,0.05954,0.252933
