{
  "target_hz": 12.669206131911677,
  "baseline": {
    "avg_s": 114.89850804999878,
    "readings": [
      19.07602079999924,
      210.72099529999832
    ]
  },
  "bubble": {
    "avg_s": 189.2581308499939,
    "readings": [
      175.37120909999066,
      203.14505259999714
    ]
  },
  "pulse": {
    "avg_s": 174.65942575000372,
    "readings": [
      150.45741329999873,
      198.8614382000087
    ],
    "total_pulses": 0
  },
  "best_mode": "bubble"
}