{
  "30d_volume": 325.6174339388533,
  "last_tier_check": 1768741812.359613,
  "timestamp": 1768741812.4505606
}