{
  "30d_volume": 1018.1929625573042,
  "last_tier_check": 1768308040.6591468,
  "timestamp": 1768308053.8050284
}