{
  "30d_volume": 1075.84202375446,
  "last_tier_check": 1768523564.0960124,
  "timestamp": 1768524543.4067864
}