{
  "30d_volume": 223.29507270564883,
  "last_tier_check": 1769969965.8025775,
  "timestamp": 1769969965.8979833
}