{
  "30d_volume": 19144.555626613153,
  "last_tier_check": 1768304440.0156937,
  "timestamp": 1768307844.3295965
}