{
  "30d_volume": 19470.695662029764,
  "last_tier_check": 1768304440.0156937,
  "timestamp": 1768307898.8591592
}