{
  "30d_volume": 106.38632971705616,
  "last_tier_check": 1771655709.054881,
  "timestamp": 1771655709.1623654
}