{
  "30d_volume": 308.2832975199933,
  "last_tier_check": 1768421460.7076123,
  "timestamp": 1768421460.7996209
}