{
  "30d_volume": 3038.5781772984637,
  "last_tier_check": 1768373147.6550174,
  "timestamp": 1768374048.7904155
}