{
  "30d_volume": 241.753710845187,
  "last_tier_check": 1769535200.5768278,
  "timestamp": 1769535200.7394245
}