{
  "30d_volume": 325.6174339388533,
  "last_tier_check": 1768683214.9030116,
  "timestamp": 1768683215.0001578
}