{
  "30d_volume": 325.6174339388533,
  "last_tier_check": 1768601223.9889812,
  "timestamp": 1768601224.0811985
}