{
  "30d_volume": 289.95593208486576,
  "last_tier_check": 1768951898.3235612,
  "timestamp": 1768951898.4160178
}