{
  "30d_volume": 1914.575718662069,
  "last_tier_check": 1768368725.3434718,
  "timestamp": 1768369442.0749729
}