{
  "30d_volume": 325.6174339388533,
  "last_tier_check": 1768745419.6247394,
  "timestamp": 1768745419.7200096
}