{
  "30d_volume": 3987.6624940281295,
  "last_tier_check": 1768343522.341867,
  "timestamp": 1768344005.8698483
}