{
  "30d_volume": 2211.0762795689893,
  "last_tier_check": 1768368115.7983444,
  "timestamp": 1768368665.5859513
}