{
  "30d_volume": 85.09532830956496,
  "last_tier_check": 1771488164.0784376,
  "timestamp": 1771488164.1698978
}