{
  "30d_volume": 235.4292571362491,
  "last_tier_check": 1769552929.227184,
  "timestamp": 1769552929.3298686
}