{
  "30d_volume": 18933.519818735633,
  "last_tier_check": 1768304440.0156937,
  "timestamp": 1768307816.2572157
}