{
  "30d_volume": 290.29198244272965,
  "last_tier_check": 1768939286.632275,
  "timestamp": 1768939286.749672
}