{
  "30d_volume": 289.59177745092967,
  "last_tier_check": 1768924079.0348468,
  "timestamp": 1768924079.1245255
}