{
  "30d_volume": 325.6174339388533,
  "last_tier_check": 1768612208.3015938,
  "timestamp": 1768612208.4025567
}