{
  "30d_volume": 325.6174339388533,
  "last_tier_check": 1768743679.1038978,
  "timestamp": 1768743679.2241004
}