{
  "BTC": {
    "qty": 0.000769,
    "cost": 67.88,
    "avg_price": 88154.97
  },
  "ZEC": {
    "qty": 0.1259,
    "cost": 52.77,
    "avg_price": 419.11
  },
  "PUMP": {
    "qty": 20281.7,
    "cost": 55.64,
    "avg_price": 0.002744
  }
}