{
  "SAPIENUSDC": {
    "trades": 1,
    "wins": 0,
    "profit": -0.3157615675960014,
    "last_time": 1764805386.0567207,
    "streak": 1
  }
}