{
  "timestamp": "2026-01-13T12:36:56.867284",
  "input_size": 6,
  "hidden_size": 12,
  "learning_rate": 0.01,
  "weights_input_hidden": [
    [
      0.37447595596313477,
      0.010388229042291641,
      0.10489410161972046,
      0.3666834235191345,
      -0.20915986597537994,
      -0.017523881047964096,
      -0.08401976525783539,
      -0.017417773604393005,
      0.2330666482448578,
      0.15824511647224426,
      0.06821150332689285,
      0.11898265779018402
    ],
    [
      0.1835990995168686,
      -0.06378059089183807,
      0.1353173702955246,
      0.3032571077346802,
      0.08832275867462158,
      -0.05092098191380501,
      -0.0036104656755924225,
      -0.05997059494256973,
      -0.06417886167764664,
      -0.046256791800260544,
      -0.13055621087551117,
      -0.13228730857372284
    ],
    [
      0.21901623904705048,
      -0.06976199895143509,
      0.08219297230243683,
      0.40917712450027466,
      -0.0374629981815815,
      0.008657100610435009,
      -0.0776686817407608,
      0.025223776698112488,
      -0.11708055436611176,
      0.12100318819284439,
      -0.016527289524674416,
      0.05400708690285683
    ],
    [
      0.2981347441673279,
      0.023138325661420822,
      0.08135300874710083,
      0.2878010869026184,
      -0.08459029346704483,
      -0.15721073746681213,
      0.14779064059257507,
      -0.16785860061645508,
      -0.10580737888813019,
      0.06952454894781113,
      -0.020077668130397797,
      0.016143057495355606
    ],
    [
      0.13205590844154358,
      -0.052145373076200485,
      0.1708962321281433,
      0.44915932416915894,
      0.19853459298610687,
      0.06384792923927307,
      0.15274125337600708,
      0.03963474929332733,
      0.05087300017476082,
      0.19081658124923706,
      -0.03175937011837959,
      -0.09778515249490738
    ],
    [
      0.4143490195274353,
      0.1692662239074707,
      0.038490816950798035,
      0.3167385458946228,
      0.0946572944521904,
      -0.046466704457998276,
      -0.15070268511772156,
      0.1394805610179901,
      -0.03947483003139496,
      0.005275850649923086,
      0.05538097396492958,
      -0.02562860958278179
    ]
  ],
  "bias_hidden": [
    [
      0.38892677426338196,
      -0.00878998078405857,
      0.06655453890562057,
      0.6107215881347656,
      -0.025157278403639793,
      0.0,
      -7.253717922139913e-05,
      -0.0004036937025375664,
      0.0,
      0.14071162045001984,
      0.0,
      0.0
    ]
  ],
  "weights_hidden_output": [
    [
      -0.7451589703559875
    ],
    [
      0.12403098493814468
    ],
    [
      -0.21407639980316162
    ],
    [
      -1.0634310245513916
    ],
    [
      0.023490071296691895
    ],
    [
      0.07592111825942993
    ],
    [
      0.1155831590294838
    ],
    [
      -0.16183263063430786
    ],
    [
      0.13087475299835205
    ],
    [
      -0.2468765377998352
    ],
    [
      -0.15231859683990479
    ],
    [
      0.057361453771591187
    ]
  ],
  "bias_output": [
    [
      -1.4443111419677734
    ]
  ],
  "training_history_count": 9564,
  "epoch_losses": [
    0.00018370032194070518,
    0.0001836939773056656,
    0.00018368737073615193,
    0.00018368082237429917,
    0.000183674375875853,
    0.0001836678566178307,
    0.00018366141011938453,
    0.0001836549345171079,
    0.00018364829884376377,
    0.00018364192510489374,
    0.000183453579666093,
    0.00018344713316764683,
    0.0001834407594287768,
    0.00018343418196309358,
    0.00018342769180890173,
    0.0001830904366215691,
    0.00018308410653844476,
    0.00018307773279957473,
    0.00018307118443772197,
    0.0001830646797316149,
    0.00018305824778508395,
    0.00018305187404621392,
    0.00018304532568436116,
    0.00018303876277059317,
    0.00018303224351257086,
    0.0001828446111176163,
    0.00018283812096342444,
    0.00018283157260157168,
    0.0001828252716222778,
    0.00018281882512383163,
    0.00018248308333568275,
    0.0001824765495257452,
    0.00018247005937155336,
    0.00018246365652885288,
    0.00018245734099764377,
    0.00018245082173962146,
    0.0001824442733777687,
    0.00018243795784655958,
    0.00018243161321152002,
    0.00018242507940158248,
    0.00018223821825813502,
    0.0001822319027269259,
    0.00018222542712464929,
    0.0001822188642108813,
    0.00018221257778350264,
    0.00018187807290814817,
    0.00018187174282502383,
    0.00018186519446317106,
    0.00018185889348387718,
    0.00018185237422585487,
    0.000181846073246561,
    0.00018183952488470823,
    0.00018183320935349911,
    0.0001818266900954768,
    0.0001818204327719286,
    0.00018163419736083597,
    0.00018162773631047457,
    0.00018162120250053704,
    0.0001816149306250736,
    0.0001816085568862036,
    0.0001812751725083217,
    0.00018126869690604508,
    0.00018126243958249688,
    0.0001812558766687289,
    0.0001812494738260284,
    0.00018124308553524315,
    0.00018123681365977973,
    0.0001812303380575031,
    0.00018122386245522648,
    0.00018121753237210214,
    0.00018103202455677092,
    0.00018102553440257907,
    0.0001810190879041329,
    0.00018101271416526288,
    0.00018100639863405377,
    0.00018067403289023787,
    0.0001806676882551983,
    0.00018066125630866736,
    0.0001806547079468146,
    0.0001806485088309273,
    0.0001806421932997182,
    0.0001806357322493568,
    0.00018062932940665632,
    0.00018062298477161676,
    0.00018061655282508582,
    0.0001804315106710419,
    0.0001804252533474937,
    0.00018041885050479323,
    0.00018041250586975366,
    0.0001804061175789684,
    0.0001800755417207256,
    0.00018006931350100785,
    0.00018006308528129011,
    0.0001800565660232678,
    0.00018005038145929575,
    0.00018004387675318867,
    0.00018003764853347093,
    0.00018003123113885522,
    0.00018002494471147656,
    0.00018001852731686085
  ]
}