{
  "timestamp": "2026-01-13T12:40:53.805732",
  "input_size": 6,
  "hidden_size": 12,
  "learning_rate": 0.01,
  "weights_input_hidden": [
    [
      0.37476837635040283,
      0.010388229042291641,
      0.10497719794511795,
      0.36710047721862793,
      -0.20915986597537994,
      -0.017523881047964096,
      -0.08401976525783539,
      -0.017417773604393005,
      0.2330666482448578,
      0.15834470093250275,
      0.06821150332689285,
      0.11898265779018402
    ],
    [
      0.18389151990413666,
      -0.06378059089183807,
      0.13540376722812653,
      0.3036741614341736,
      0.08832275867462158,
      -0.05092098191380501,
      -0.0036104656755924225,
      -0.05997059494256973,
      -0.06417886167764664,
      -0.04615979641675949,
      -0.13055621087551117,
      -0.13228730857372284
    ],
    [
      0.21930865943431854,
      -0.06976199895143509,
      0.08227606862783432,
      0.40959417819976807,
      -0.0374629981815815,
      0.008657100610435009,
      -0.0776686817407608,
      0.025223776698112488,
      -0.11708055436611176,
      0.121099554002285,
      -0.016527289524674416,
      0.05400708690285683
    ],
    [
      0.29842716455459595,
      0.023138325661420822,
      0.08143610507249832,
      0.2882181406021118,
      -0.08459029346704483,
      -0.15721073746681213,
      0.14779064059257507,
      -0.16785860061645508,
      -0.10580737888813019,
      0.06962091475725174,
      -0.020077668130397797,
      0.016143057495355606
    ],
    [
      0.13234832882881165,
      -0.052145373076200485,
      0.17098262906074524,
      0.44957637786865234,
      0.19853459298610687,
      0.06384792923927307,
      0.15274125337600708,
      0.03963474929332733,
      0.05087300017476082,
      0.19091616570949554,
      -0.03175937011837959,
      -0.09778515249490738
    ],
    [
      0.41464143991470337,
      0.1692662239074707,
      0.038575056940317154,
      0.3171555995941162,
      0.0946572944521904,
      -0.046466704457998276,
      -0.15070268511772156,
      0.1394805610179901,
      -0.03947483003139496,
      0.005372879561036825,
      0.05538097396492958,
      -0.02562860958278179
    ]
  ],
  "bias_hidden": [
    [
      0.3895116150379181,
      -0.00878998078405857,
      0.06672301888465881,
      0.6115556955337524,
      -0.025157278403639793,
      0.0,
      -7.253717922139913e-05,
      -0.0004036937025375664,
      0.0,
      0.14090435206890106,
      0.0,
      0.0
    ]
  ],
  "weights_hidden_output": [
    [
      -0.7461013793945312
    ],
    [
      0.12403098493814468
    ],
    [
      -0.2143688201904297
    ],
    [
      -1.0647602081298828
    ],
    [
      0.023490071296691895
    ],
    [
      0.07592111825942993
    ],
    [
      0.1155831590294838
    ],
    [
      -0.16183263063430786
    ],
    [
      0.13087475299835205
    ],
    [
      -0.24718225002288818
    ],
    [
      -0.15231859683990479
    ],
    [
      0.057361453771591187
    ]
  ],
  "bias_output": [
    [
      -1.4451086521148682
    ]
  ],
  "training_history_count": 9945,
  "epoch_losses": [
    0.00018124308553524315,
    0.00018123681365977973,
    0.0001812303380575031,
    0.00018122386245522648,
    0.00018121753237210214,
    0.00018103202455677092,
    0.00018102553440257907,
    0.0001810190879041329,
    0.00018101271416526288,
    0.00018100639863405377,
    0.00018067403289023787,
    0.0001806676882551983,
    0.00018066125630866736,
    0.0001806547079468146,
    0.0001806485088309273,
    0.0001806421932997182,
    0.0001806357322493568,
    0.00018062932940665632,
    0.00018062298477161676,
    0.00018061655282508582,
    0.0001804315106710419,
    0.0001804252533474937,
    0.00018041885050479323,
    0.00018041250586975366,
    0.0001804061175789684,
    0.0001800755417207256,
    0.00018006931350100785,
    0.00018006308528129011,
    0.0001800565660232678,
    0.00018005038145929575,
    0.00018004387675318867,
    0.00018003764853347093,
    0.00018003123113885522,
    0.00018002494471147656,
    0.00018001852731686085,
    0.00017983480938710272,
    0.00017982840654440224,
    0.0001798219163902104,
    0.00017981568817049265,
    0.00017980938719119877,
    0.0001794802228687331,
    0.00017947373271454126,
    0.00017946737352758646,
    0.00017946105799637735,
    0.0001794548297766596,
    0.0001794484123820439,
    0.00017944211140275002,
    0.0001794357958715409,
    0.0001794294803403318,
    0.0001794232812244445,
    0.0001792398834368214,
    0.00017923340783454478,
    0.00017922739789355546,
    0.00017922099505085498,
    0.00017921451944857836,
    0.00017888637376017869,
    0.00017887992726173252,
    0.00017887374269776046,
    0.00017886752902995795,
    0.00017886108253151178,
    0.00017885489796753973,
    0.000178848669747822,
    0.00017884245608001947,
    0.00017883624241221696,
    0.00017883002874441445,
    0.00017864884284790605,
    0.000178642658283934,
    0.00017863643006421626,
    0.0001786301872925833,
    0.00017862395907286555,
    0.0001783009502105415,
    0.00017829467833507806,
    0.00017828847921919078,
    0.00017828232375904918,
    0.00017827621195465326,
    0.00017827004194259644,
    0.00017826369730755687,
    0.00017825746908783913,
    0.00017825128452386707,
    0.00017824523092713207,
    0.00017806516552809626,
    0.00017805914103519171,
    0.0001780527672963217,
    0.00017804674280341715,
    0.0001780405145836994,
    0.00017771856801118702,
    0.00017771232523955405,
    0.00017770612612366676,
    0.00017769995611160994,
    0.00017769380065146834,
    0.00017768755787983537,
    0.00017768156249076128,
    0.00017767520330380648,
    0.00017766898963600397,
    0.00017766283417586237,
    0.0001774837583070621,
    0.0001774773554643616,
    0.00017747118545230478,
    0.00017746502999216318,
    0.00017745891818776727
  ]
}