{
  "timestamp": "2026-01-14T07:00:48.791081",
  "input_size": 6,
  "hidden_size": 12,
  "learning_rate": 0.01,
  "weights_input_hidden": [
    [
      0.395149827003479,
      0.010388229042291641,
      0.11085144430398941,
      0.39615973830223083,
      -0.20915986597537994,
      -0.017523881047964096,
      -0.08401976525783539,
      -0.017417773604393005,
      0.2330666482448578,
      0.16508178412914276,
      0.06821150332689285,
      0.11898265779018402
    ],
    [
      0.20428073406219482,
      -0.06378059089183807,
      0.141300767660141,
      0.3327334225177765,
      0.08832275867462158,
      -0.05092098191380501,
      -0.0036104656755924225,
      -0.05997059494256973,
      -0.06417886167764664,
      -0.03941124305129051,
      -0.13055621087551117,
      -0.13228730857372284
    ],
    [
      0.2396978735923767,
      -0.06976199895143509,
      0.08815031498670578,
      0.43865343928337097,
      -0.0374629981815815,
      0.008657100610435009,
      -0.0776686817407608,
      0.025223776698112488,
      -0.11708055436611176,
      0.1278432011604309,
      -0.016527289524674416,
      0.05400708690285683
    ],
    [
      0.3188086152076721,
      0.023138325661420822,
      0.08731035143136978,
      0.3172774016857147,
      -0.08459029346704483,
      -0.15721073746681213,
      0.14779064059257507,
      -0.16785860061645508,
      -0.10580737888813019,
      0.07636859267950058,
      -0.020077668130397797,
      0.016143057495355606
    ],
    [
      0.1527375429868698,
      -0.052145373076200485,
      0.1768796294927597,
      0.47863563895225525,
      0.19853459298610687,
      0.06384792923927307,
      0.15274125337600708,
      0.03963474929332733,
      0.05087300017476082,
      0.19765324890613556,
      -0.03175937011837959,
      -0.09778515249490738
    ],
    [
      0.43502289056777954,
      0.1692662239074707,
      0.044450655579566956,
      0.3462148606777191,
      0.0946572944521904,
      -0.046466704457998276,
      -0.15070268511772156,
      0.1394805610179901,
      -0.03947483003139496,
      0.012120919302105904,
      0.05538097396492958,
      -0.02562860958278179
    ]
  ],
  "bias_hidden": [
    [
      0.4302900433540344,
      -0.00878998078405857,
      0.07847421616315842,
      0.6696742177009583,
      -0.025157278403639793,
      0.0,
      -7.253717922139913e-05,
      -0.0004036937025375664,
      0.0,
      0.15439970791339874,
      0.0,
      0.0
    ]
  ],
  "weights_hidden_output": [
    [
      -0.8116694688796997
    ],
    [
      0.12403098493814468
    ],
    [
      -0.23469343781471252
    ],
    [
      -1.1564311981201172
    ],
    [
      0.023490071296691895
    ],
    [
      0.07592111825942993
    ],
    [
      0.1155831590294838
    ],
    [
      -0.16183263063430786
    ],
    [
      0.13087475299835205
    ],
    [
      -0.2684929370880127
    ],
    [
      -0.15231859683990479
    ],
    [
      0.057361453771591187
    ]
  ],
  "bias_output": [
    [
      -1.4974446296691895
    ]
  ],
  "training_history_count": 4724,
  "epoch_losses": [
    5.828123175888322e-05,
    5.8280467783333734e-05,
    5.827965651405975e-05,
    5.827887071063742e-05,
    5.8278037613490596e-05,
    5.823799074278213e-05,
    5.823716855957173e-05,
    5.823641549795866e-05,
    5.823558603879064e-05,
    5.823480023536831e-05,
    5.818379941047169e-05,
    5.818297722726129e-05,
    5.818219869979657e-05,
    5.818138015456498e-05,
    5.818060162710026e-05,
    5.817983401357196e-05,
    5.81790845899377e-05,
    5.817825149279088e-05,
    5.817750934511423e-05,
    5.817670898977667e-05,
    5.8136676670983434e-05,
    5.813585448777303e-05,
    5.813507959828712e-05,
    5.813430470880121e-05,
    5.813348980154842e-05,
    5.808251444250345e-05,
    5.808176501886919e-05,
    5.8080986491404474e-05,
    5.808013884234242e-05,
    5.8079385780729353e-05,
    5.807861089124344e-05,
    5.807783963973634e-05,
    5.807707202620804e-05,
    5.807623892906122e-05,
    5.8075482229469344e-05,
    5.803552994620986e-05,
    5.803471867693588e-05,
    5.803395470138639e-05,
    5.803316889796406e-05,
    5.803240856039338e-05,
    5.7981513236882165e-05,
    5.798075653729029e-05,
    5.797987978439778e-05,
    5.797908306703903e-05,
    5.7978337281383574e-05,
    5.7977562391897663e-05,
    5.797678750241175e-05,
    5.7976045354735106e-05,
    5.7975259551312774e-05,
    5.797442645416595e-05,
    5.79344887228217e-05,
    5.793374657514505e-05,
    5.793302625534125e-05,
    5.793217496830039e-05,
    5.793137461296283e-05,
    5.788059570477344e-05,
    5.7879740779753774e-05,
    5.787903137388639e-05,
    5.787822010461241e-05,
    5.7877463405020535e-05,
    5.787668123957701e-05,
    5.7875939091900364e-05,
    5.787510599475354e-05,
    5.787434201920405e-05,
    5.787357076769695e-05,
    5.783371670986526e-05,
    5.783293454442173e-05,
    5.783213418908417e-05,
    5.783135202364065e-05,
    5.7830580772133544e-05,
    5.7779816415859386e-05,
    5.777904880233109e-05,
    5.77782848267816e-05,
    5.777752085123211e-05,
    5.777675687568262e-05,
    5.777593105449341e-05,
    5.777516707894392e-05,
    5.777441037935205e-05,
    5.777364640380256e-05,
    5.77727951167617e-05,
    5.7733148423722014e-05,
    5.773231532657519e-05,
    5.773149314336479e-05,
    5.773072552983649e-05,
    5.772995427832939e-05,
    5.7679306337377056e-05,
    5.767856418970041e-05,
    5.767780021415092e-05,
    5.767702896264382e-05,
    5.767623588326387e-05,
    5.767546099377796e-05,
    5.767468974227086e-05,
    5.767395123257302e-05,
    5.767312541138381e-05,
    5.767232141806744e-05,
    5.7632685638964176e-05,
    5.763192166341469e-05,
    5.76311576878652e-05,
    5.7630346418591216e-05,
    5.762958971899934e-05
  ]
}