{
  "timestamp": "2026-01-13T22:40:09.018306",
  "input_size": 6,
  "hidden_size": 12,
  "learning_rate": 0.01,
  "weights_input_hidden": [
    [
      0.38413384556770325,
      0.010388229042291641,
      0.10767186433076859,
      0.38046446442604065,
      -0.20915986597537994,
      -0.017523881047964096,
      -0.08401976525783539,
      -0.017417773604393005,
      0.2330666482448578,
      0.1614394187927246,
      0.06821150332689285,
      0.11898265779018402
    ],
    [
      0.19325882196426392,
      -0.06378059089183807,
      0.13809333741664886,
      0.3170381486415863,
      0.08832275867462158,
      -0.05092098191380501,
      -0.0036104656755924225,
      -0.05997059494256973,
      -0.06417886167764664,
      -0.04305844381451607,
      -0.13055621087551117,
      -0.13228730857372284
    ],
    [
      0.2286759614944458,
      -0.06976199895143509,
      0.08497073501348495,
      0.4229581654071808,
      -0.0374629981815815,
      0.008657100610435009,
      -0.0776686817407608,
      0.025223776698112488,
      -0.11708055436611176,
      0.12420012801885605,
      -0.016527289524674416,
      0.05400708690285683
    ],
    [
      0.30779263377189636,
      0.023138325661420822,
      0.08413077145814896,
      0.30158212780952454,
      -0.08459029346704483,
      -0.15721073746681213,
      0.14779064059257507,
      -0.16785860061645508,
      -0.10580737888813019,
      0.07272148877382278,
      -0.020077668130397797,
      0.016143057495355606
    ],
    [
      0.1417156308889389,
      -0.052145373076200485,
      0.17367219924926758,
      0.46294036507606506,
      0.19853459298610687,
      0.06384792923927307,
      0.15274125337600708,
      0.03963474929332733,
      0.05087300017476082,
      0.1940108835697174,
      -0.03175937011837959,
      -0.09778515249490738
    ],
    [
      0.4240069091320038,
      0.1692662239074707,
      0.041269995272159576,
      0.33051958680152893,
      0.0946572944521904,
      -0.046466704457998276,
      -0.15070268511772156,
      0.1394805610179901,
      -0.03947483003139496,
      0.008474019356071949,
      0.05538097396492958,
      -0.02562860958278179
    ]
  ],
  "bias_hidden": [
    [
      0.4082462191581726,
      -0.00878998078405857,
      0.07211289554834366,
      0.6382836699485779,
      -0.025157278403639793,
      0.0,
      -7.253717922139913e-05,
      -0.0004036937025375664,
      0.0,
      0.14710550010204315,
      0.0,
      0.0
    ]
  ],
  "weights_hidden_output": [
    [
      -0.7762254476547241
    ],
    [
      0.12403098493814468
    ],
    [
      -0.2237258106470108
    ],
    [
      -1.1069148778915405
    ],
    [
      0.023490071296691895
    ],
    [
      0.07592111825942993
    ],
    [
      0.1155831590294838
    ],
    [
      -0.16183263063430786
    ],
    [
      0.13087475299835205
    ],
    [
      -0.2569824755191803
    ],
    [
      -0.15231859683990479
    ],
    [
      0.057361453771591187
    ]
  ],
  "bias_output": [
    [
      -1.469698429107666
    ]
  ],
  "training_history_count": 328,
  "epoch_losses": [
    0.01063724234700203,
    0.01063724234700203,
    0.01063724234700203,
    0.010637243278324604,
    0.010637243278324604,
    0.020943278446793556,
    0.020943274721503258,
    0.02094327099621296,
    0.020943276584148407,
    0.020943274721503258,
    0.02094327099621296,
    0.02094326913356781,
    0.02094326540827751,
    0.020943261682987213,
    0.020943259820342064,
    0.01969314180314541,
    0.01969313994050026,
    0.01969313621520996,
    0.01969313435256481,
    0.01969313435256481,
    0.019693130627274513,
    0.019693130627274513,
    0.019693128764629364,
    0.019693126901984215,
    0.019693123176693916,
    0.019693121314048767,
    0.019693119451403618,
    0.01969311758875847,
    0.01969311386346817,
    0.01969311013817787,
    0.01969315856695175,
    0.0196931641548872,
    0.0196931641548872,
    0.0196931604295969,
    0.01969315856695175,
    0.009900122880935669,
    0.009900122880935669,
    0.009900122880935669,
    0.009900122880935669,
    0.009900121949613094,
    0.009900122880935669,
    0.009900122880935669,
    0.009900122880935669,
    0.009900122880935669,
    0.009900115430355072,
    0.009900115430355072,
    0.009900115430355072,
    0.009900115430355072,
    0.009900115430355072,
    0.009900115430355072,
    0.00010695066157495603,
    0.00010694828233681619,
    0.00010694575757952407,
    0.00010694333468563855,
    0.00010694087541196495,
    0.00010693845979403704,
    0.00010693605872802436,
    0.00010693373769754544,
    0.00010693122749216855,
    0.00010692887735785916,
    0.00010692644718801603,
    0.00010692414070945233,
    0.00010692171781556681,
    0.00010691932402551174,
    0.00010691687202779576,
    0.00010684705921448767,
    0.00010684470908017829,
    0.00010684222070267424,
    0.00010683980508474633,
    0.00010683738946681842,
    0.00010676762758521363,
    0.00010676521924324334,
    0.00010676281817723066,
    0.00010676040255930275,
    0.00010675794328562915,
    0.00010675564408302307,
    0.00010675311204977334,
    0.00010675082012312487,
    0.00010674838267732412,
    0.00010674609802663326,
    0.00010674364602891728,
    0.00010674113582354039,
    0.00010673880751710385,
    0.00010673641372704878,
    0.00010673399083316326,
    0.00010666430171113461,
    0.00010666190792107955,
    0.00010665959416655824,
    0.00010665704758139327,
    0.00010665473382687196,
    0.00010659731196938083,
    0.00010659482359187678,
    0.00010659256076905876,
    0.0001065900141838938,
    0.00010658772953320295,
    0.009900112636387348,
    0.009900112636387348,
    0.009900111705064774,
    0.009900111705064774,
    0.009900111705064774
  ]
}