{
  "timestamp": "2026-01-13T12:38:18.860168",
  "input_size": 6,
  "hidden_size": 12,
  "learning_rate": 0.01,
  "weights_input_hidden": [
    [
      0.37458348274230957,
      0.010388229042291641,
      0.10492467135190964,
      0.36683982610702515,
      -0.20915986597537994,
      -0.017523881047964096,
      -0.08401976525783539,
      -0.017417773604393005,
      0.2330666482448578,
      0.15828177332878113,
      0.06821150332689285,
      0.11898265779018402
    ],
    [
      0.1837066262960434,
      -0.06378059089183807,
      0.13534913957118988,
      0.3034135103225708,
      0.08832275867462158,
      -0.05092098191380501,
      -0.0036104656755924225,
      -0.05997059494256973,
      -0.06417886167764664,
      -0.046220745891332626,
      -0.13055621087551117,
      -0.13228730857372284
    ],
    [
      0.21912376582622528,
      -0.06976199895143509,
      0.08222354203462601,
      0.4093335270881653,
      -0.0374629981815815,
      0.008657100610435009,
      -0.0776686817407608,
      0.025223776698112488,
      -0.11708055436611176,
      0.12103862315416336,
      -0.016527289524674416,
      0.05400708690285683
    ],
    [
      0.2982422709465027,
      0.023138325661420822,
      0.08138357847929001,
      0.28795748949050903,
      -0.08459029346704483,
      -0.15721073746681213,
      0.14779064059257507,
      -0.16785860061645508,
      -0.10580737888813019,
      0.0695599839091301,
      -0.020077668130397797,
      0.016143057495355606
    ],
    [
      0.13216343522071838,
      -0.052145373076200485,
      0.1709280014038086,
      0.44931572675704956,
      0.19853459298610687,
      0.06384792923927307,
      0.15274125337600708,
      0.03963474929332733,
      0.05087300017476082,
      0.19085323810577393,
      -0.03175937011837959,
      -0.09778515249490738
    ],
    [
      0.4144565463066101,
      0.1692662239074707,
      0.03852197527885437,
      0.3168949484825134,
      0.0946572944521904,
      -0.046466704457998276,
      -0.15070268511772156,
      0.1394805610179901,
      -0.03947483003139496,
      0.005311688873916864,
      0.05538097396492958,
      -0.02562860958278179
    ]
  ],
  "bias_hidden": [
    [
      0.38914182782173157,
      -0.00878998078405857,
      0.06661685556173325,
      0.6110343933105469,
      -0.025157278403639793,
      0.0,
      -7.253717922139913e-05,
      -0.0004036937025375664,
      0.0,
      0.14078249037265778,
      0.0,
      0.0
    ]
  ],
  "weights_hidden_output": [
    [
      -0.7455108761787415
    ],
    [
      0.12403098493814468
    ],
    [
      -0.21418392658233643
    ],
    [
      -1.0639197826385498
    ],
    [
      0.023490071296691895
    ],
    [
      0.07592111825942993
    ],
    [
      0.1155831590294838
    ],
    [
      -0.16183263063430786
    ],
    [
      0.13087475299835205
    ],
    [
      -0.2469889521598816
    ],
    [
      -0.15231859683990479
    ],
    [
      0.057361453771591187
    ]
  ],
  "bias_output": [
    [
      -1.4446043968200684
    ]
  ],
  "training_history_count": 9708,
  "epoch_losses": [
    0.00018305824778508395,
    0.00018305187404621392,
    0.00018304532568436116,
    0.00018303876277059317,
    0.00018303224351257086,
    0.0001828446111176163,
    0.00018283812096342444,
    0.00018283157260157168,
    0.0001828252716222778,
    0.00018281882512383163,
    0.00018248308333568275,
    0.0001824765495257452,
    0.00018247005937155336,
    0.00018246365652885288,
    0.00018245734099764377,
    0.00018245082173962146,
    0.0001824442733777687,
    0.00018243795784655958,
    0.00018243161321152002,
    0.00018242507940158248,
    0.00018223821825813502,
    0.0001822319027269259,
    0.00018222542712464929,
    0.0001822188642108813,
    0.00018221257778350264,
    0.00018187807290814817,
    0.00018187174282502383,
    0.00018186519446317106,
    0.00018185889348387718,
    0.00018185237422585487,
    0.000181846073246561,
    0.00018183952488470823,
    0.00018183320935349911,
    0.0001818266900954768,
    0.0001818204327719286,
    0.00018163419736083597,
    0.00018162773631047457,
    0.00018162120250053704,
    0.0001816149306250736,
    0.0001816085568862036,
    0.0001812751725083217,
    0.00018126869690604508,
    0.00018126243958249688,
    0.0001812558766687289,
    0.0001812494738260284,
    0.00018124308553524315,
    0.00018123681365977973,
    0.0001812303380575031,
    0.00018122386245522648,
    0.00018121753237210214,
    0.00018103202455677092,
    0.00018102553440257907,
    0.0001810190879041329,
    0.00018101271416526288,
    0.00018100639863405377,
    0.00018067403289023787,
    0.0001806676882551983,
    0.00018066125630866736,
    0.0001806547079468146,
    0.0001806485088309273,
    0.0001806421932997182,
    0.0001806357322493568,
    0.00018062932940665632,
    0.00018062298477161676,
    0.00018061655282508582,
    0.0001804315106710419,
    0.0001804252533474937,
    0.00018041885050479323,
    0.00018041250586975366,
    0.0001804061175789684,
    0.0001800755417207256,
    0.00018006931350100785,
    0.00018006308528129011,
    0.0001800565660232678,
    0.00018005038145929575,
    0.00018004387675318867,
    0.00018003764853347093,
    0.00018003123113885522,
    0.00018002494471147656,
    0.00018001852731686085,
    0.00017983480938710272,
    0.00017982840654440224,
    0.0001798219163902104,
    0.00017981568817049265,
    0.00017980938719119877,
    0.0001794802228687331,
    0.00017947373271454126,
    0.00017946737352758646,
    0.00017946105799637735,
    0.0001794548297766596,
    0.0001794484123820439,
    0.00017944211140275002,
    0.0001794357958715409,
    0.0001794294803403318,
    0.0001794232812244445,
    0.0001792398834368214,
    0.00017923340783454478,
    0.00017922739789355546,
    0.00017922099505085498,
    0.00017921451944857836
  ]
}