{
  "version": "2.0",
  "trained_at": "2025-12-11T17:31:24.670747",
  "data_source": "coinbase_historical",
  "lookback_days": 365,
  "hourly_edge": {
    "0": {
      "edge": -2.1461187214611877,
      "confidence": 1.0
    },
    "1": {
      "edge": 2.6940639269406375,
      "confidence": 1.0
    },
    "2": {
      "edge": 2.511415525114158,
      "confidence": 1.0
    },
    "3": {
      "edge": -0.5936073059360725,
      "confidence": 1.0
    },
    "4": {
      "edge": 1.963470319634708,
      "confidence": 1.0
    },
    "5": {
      "edge": 0.5936073059360725,
      "confidence": 1.0
    },
    "6": {
      "edge": -1.3242009132420074,
      "confidence": 1.0
    },
    "7": {
      "edge": -0.5936073059360725,
      "confidence": 1.0
    },
    "8": {
      "edge": 1.2328767123287676,
      "confidence": 1.0
    },
    "9": {
      "edge": 0.22831050228310223,
      "confidence": 1.0
    },
    "10": {
      "edge": -1.7808219178082174,
      "confidence": 1.0
    },
    "11": {
      "edge": 1.7808219178082174,
      "confidence": 1.0
    },
    "12": {
      "edge": -2.511415525114158,
      "confidence": 1.0
    },
    "13": {
      "edge": -2.1461187214611877,
      "confidence": 1.0
    },
    "14": {
      "edge": 0.776255707762552,
      "confidence": 1.0
    },
    "15": {
      "edge": 0.04566210045662267,
      "confidence": 1.0
    },
    "16": {
      "edge": -0.09157509157509125,
      "confidence": 1.0
    },
    "17": {
      "edge": 7.234432234432231,
      "confidence": 1.0
    },
    "18": {
      "edge": -1.1904761904761918,
      "confidence": 1.0
    },
    "19": {
      "edge": 0.1831501831501825,
      "confidence": 1.0
    },
    "20": {
      "edge": 1.3736263736263687,
      "confidence": 1.0
    },
    "21": {
      "edge": 3.9726027397260277,
      "confidence": 1.0
    },
    "22": {
      "edge": 4.155251141552507,
      "confidence": 1.0
    },
    "23": {
      "edge": -1.1415525114155278,
      "confidence": 1.0
    }
  },
  "daily_edge": {
    "0": {
      "name": "Mon",
      "edge": 0.9882478632478597,
      "confidence": 0.3744
    },
    "1": {
      "name": "Tue",
      "edge": -0.29380341880341776,
      "confidence": 0.3744
    },
    "2": {
      "name": "Wed",
      "edge": 2.817650186071241,
      "confidence": 0.3762
    },
    "3": {
      "name": "Thu",
      "edge": -1.632438125329122,
      "confidence": 0.3798
    },
    "4": {
      "name": "Fri",
      "edge": 1.388888888888884,
      "confidence": 0.3744
    },
    "5": {
      "name": "Sat",
      "edge": -0.013408420488064676,
      "confidence": 0.3729
    },
    "6": {
      "name": "Sun",
      "edge": 1.2019230769230727,
      "confidence": 0.3744
    }
  },
  "monthly_edge": {
    "1": {
      "name": "Jan",
      "edge": 0.8960573476702538,
      "confidence": 0.4464
    },
    "2": {
      "name": "Feb",
      "edge": -1.091269841269843,
      "confidence": 0.4032
    },
    "3": {
      "name": "Mar",
      "edge": 0.49283154121864126,
      "confidence": 0.4464
    },
    "4": {
      "name": "Apr",
      "edge": 0.6481481481481532,
      "confidence": 0.432
    },
    "5": {
      "name": "May",
      "edge": 1.388888888888884,
      "confidence": 0.4464
    },
    "6": {
      "name": "Jun",
      "edge": 0.4166666666666652,
      "confidence": 0.432
    },
    "7": {
      "name": "Jul",
      "edge": 2.3745519713261665,
      "confidence": 0.4464
    },
    "8": {
      "name": "Aug",
      "edge": 0.9408602150537626,
      "confidence": 0.4464
    },
    "9": {
      "name": "Sep",
      "edge": 1.2962962962962954,
      "confidence": 0.432
    },
    "10": {
      "name": "Oct",
      "edge": 0.6540369869192597,
      "confidence": 0.4434
    },
    "11": {
      "name": "Nov",
      "edge": -0.694444444444442,
      "confidence": 0.432
    },
    "12": {
      "name": "Dec",
      "edge": 0.08960573476702871,
      "confidence": 0.4464
    }
  },
  "optimal_conditions": {
    "hours": [
      17,
      22
    ],
    "days": [
      2
    ]
  },
  "avoid_conditions": {}
}