{
  "timestamp": "2026-01-15T09:38:48.219126",
  "iterations": 41,
  "final_coherence": 0.0,
  "final_wave": [
    -0.003353079297787974,
    -0.026195333024764258,
    -0.049006667167457794,
    -0.07177848111412899,
    -0.09450217789220403,
    -0.1171691505866418,
    -0.13977076890067994,
    -0.16229836591692512,
    -0.18474322511614055,
    -0.2070965677103178,
    -0.22934954034569488,
    -0.2514932032303058,
    -0.2735185187394184,
    -0.29541634055084287,
    -0.3171774033605721,
    -0.33879231322755765,
    -0.36025153859462766,
    -0.3815454020306264,
    -0.4026640727368054,
    -0.4235975598583118,
    -0.44433570663934496,
    -0.4648681854581348,
    -0.48518449377540496,
    -0.5052739510273747,
    -0.5251256964916637,
    -0.5447286881516911,
    -0.5640717025822963,
    -0.5831433358764007,
    -0.6019320056295321,
    -0.6204259539960016,
    -0.6386132518274299,
    -0.6564818039011998,
    -0.6740193552432507,
    -0.6912134985464523,
    -0.7080516826826011,
    -0.7245212223028767,
    -0.7406093085184025,
    -0.7563030206493552,
    -0.7715893390279055,
    -0.7864551588371078,
    -0.8008873049647705,
    -0.8148725478482337,
    -0.8283976202829927,
    -0.8414492351651137,
    -0.8540141041345124,
    -0.8660789570833247,
    -0.8776305624908578,
    -0.8886557485439608,
    -0.899141424999073,
    -0.9090746057397618,
    -0.9184424319811925,
    -0.9272321960707446,
    -0.9354313658318532,
    -0.9430276093961641,
    -0.9500088204672306,
    -0.9563631439572287,
    -0.9620790019366072,
    -0.967145119835112,
    -0.9715505528313509,
    -0.9752847123669072,
    -0.9783373927200245,
    -0.9806987975730592,
    -0.9823595665072191,
    -0.9833108013576088,
    -0.9835440923612542,
    -0.9830515440306128,
    -0.9818258006850545,
    -0.9798600715729775,
    -0.9771481555175272,
    -0.9736844650194092,
    -0.9694640497509228,
    -0.9644826193761915,
    -0.9587365656335447,
    -0.9522229836171652,
    -0.9449396921964344,
    -0.9368852535128696,
    -0.9280589914961828,
    -0.9184610093427625,
    -0.9080922059018013,
    -0.8969542909163611,
    -0.8850497990688713,
    -0.8723821027828857,
    -0.8589554237353993,
    -0.8447748430365953,
    -0.8298463100366202,
    -0.8141766497217662,
    -0.7977735686653897,
    -0.7806456595018796,
    -0.7628024038951098,
    -0.7442541739759934,
    -0.7250122322270113,
    -0.7050887297949251,
    -0.6844967032162725,
    -0.6632500695436784,
    -0.6413636198645133,
    -0.6188530112069398,
    -0.5957347568319478,
    -0.5720262149135416,
    -0.5477455756128276,
    -0.5229118465553231
  ],
  "symbols_tracked": [
    "BTCUSDC",
    "ETHUSDC",
    "SOLUSDC",
    "XRPUSDC",
    "AVAXUSDC"
  ]
}