{"baseline": 85, "final": 84, "delta": -1, "time_s": 225.44490718841553, "expected_drain": 0.438365097310808, "cycles": 20, "freqs": 14}