{
  "idle_drop_s": 215.8434083999964,
  "bt_drop_s": 192.2500063999978,
  "diff_s": -23.593401999998605,
  "pulses": 299,
  "battery_mwh_per_pct": 392
}