{
  "idle_avg_s": 127.95208676666759,
  "idle_readings": [
    74.04759390000254,
    120.1340557000076,
    189.67461069999263
  ],
  "bt_avg_s": 150.0370304500102,
  "bt_readings": [
    173.22619540001324,
    126.84786550000717
  ],
  "diff_s": 22.084943683342615,
  "idle_pct_hr": 28.13553175232641,
  "bt_pct_hr": 23.994076590308545
}