{
  "baseline": 67.6,
  "bt_only": 74.37757789999887,
  "diff": -6.7775778999988745,
  "readings": [
    94.43618350000179,
    126.55573320000258,
    31.060575900002732,
    34.445884499989916,
    85.38951239999733
  ]
}