{
  "baseline_s": 67.56295399999362,
  "baseline_readings": [
    65.22662919999857,
    16.513249799987534,
    120.94898299999477
  ],
  "boosted_s": 85.65082739999828,
  "boosted_readings": [
    136.30123899999307,
    36.99818270000105,
    83.65306050000072
  ],
  "diff_s": -18.087873400004653,
  "pct_faster": -26.77188063743684
}