{
  "baseline_charge_times": [
    65.22662919999857,
    16.513249799987534,
    120.94898299999477
  ],
  "avg_baseline_s": 67.56295399999362,
  "start_pct": 16,
  "end_pct": 19
}