{
  "duration": 90.1531617641449,
  "starting_value": 382.11309,
  "ending_value": 382.15499,
  "profit": 0.04189999999999827,
  "fees": 0.0,
  "steps": 0,
  "path": [],
  "final_holdings": {
    "BTC": 0.001,
    "ETH": 0.05,
    "SOL": 1.0
  }
}