{
  "timestamp": "2025-12-11T18:21:54.616533",
  "total_trades": 220,
  "pattern_outcomes": {
    "pos_very_high": {
      "wins": 116,
      "losses": 19,
      "pnl": 23.631254764370333
    },
    "\ud83d\ude80COMBO_high_price_low_mom": {
      "wins": 38,
      "losses": 13,
      "pnl": 3.9457905585961957
    },
    "pos_high": {
      "wins": 12,
      "losses": 11,
      "pnl": -0.4458152671472224
    },
    "pos_very_low": {
      "wins": 19,
      "losses": 12,
      "pnl": -3.8784351494988796
    },
    "pos_low": {
      "wins": 25,
      "losses": 6,
      "pnl": 2.777038571625147
    },
    "mom6_high": {
      "wins": 4,
      "losses": 3,
      "pnl": -0.6020936511218249
    },
    "\ud83d\ude80COMBO_low_price_high_mom": {
      "wins": 22,
      "losses": 1,
      "pnl": 5.520447664545477
    },
    "\ud83d\udd25TRIPLE_overbought": {
      "wins": 16,
      "losses": 4,
      "pnl": 3.811621979356496
    },
    "streak_bear": {
      "wins": 2,
      "losses": 0,
      "pnl": 0.14885313102963646
    },
    "mom6_low": {
      "wins": 5,
      "losses": 3,
      "pnl": -0.0986388464712632
    },
    "streak_bull": {
      "wins": 2,
      "losses": 0,
      "pnl": 0.3528822883784186
    },
    "\ud83d\udd25TRIPLE_oversold": {
      "wins": 1,
      "losses": 0,
      "pnl": 0.08695031508432507
    }
  },
  "adapted_patterns": {
    "pos_very_high": 0.7962,
    "pos_high": 0.543,
    "pos_very_low": 0.6863238267619353,
    "pos_low": 0.8784501607142856,
    "mom6_high": 0.47,
    "mom6_low": 0.529,
    "\ud83d\ude80COMBO_high_price_low_mom": 0.6732115280464216,
    "\ud83d\ude80COMBO_low_price_high_mom": 0.8743684999999999,
    "\ud83d\udd25TRIPLE_overbought": 0.653
  }
}