{
  "training_completed": "2025-12-18T14:40:55.107083",
  "total_trades": 1000000,
  "wins": 1000000,
  "losses": 0,
  "win_rate": 100.0,
  "total_pnl": 31884.801282185777,
  "avg_pnl": 0.03188480128218578,
  "avg_hold_bars": 40.945536,
  "training_time_seconds": 250.26216316223145,
  "zero_loss_verified": true,
  "parameters": {
    "position_size": 10.0,
    "combined_rate": 0.007,
    "required_r": 0.015162532490778702,
    "win_gte": 0.15162532490778702,
    "target_net": 0.01
  },
  "message": "Our revenge will be the laughter of our children. - Bobby Sands"
}