{
  "timestamp": "2026-01-04T03:26:02.441714",
  "duration": 69.10027933120728,
  "starting_value": 382.68646,
  "ending_value": 382.73301000000004,
  "profit": 0.04655000000002474,
  "fees": 0.0,
  "conversions": 0,
  "scans": 5882,
  "chain": [],
  "final_holdings": {
    "BTC": 0.001,
    "ETH": 0.05,
    "SOL": 1.0
  }
}