{
  "ATOM": {
    "entry_price": 2.5101,
    "entry_time": 1768757776.9269226,
    "entry_qty": 0.00077161
  },
  "SEI": {
    "entry_price": 0.11926,
    "entry_time": 1768757776.946149,
    "entry_qty": 0.0005
  },
  "SOL": {
    "entry_price": 142.23,
    "entry_time": 1768757776.9687338,
    "entry_qty": 0.0179604119
  }
}