{
  "AVAX": {
    "entry_price": 0.0001629,
    "quantity": 0.73,
    "entry_time": "2025-11-28T21:12:47.471276"
  }
}