{
  "timestamp": 1769294685.1753318,
  "deposits_usd": 457.51230631044,
  "realized_profits_usd": 4.839711913293294,
  "withdrawals_usd": 0,
  "fees_paid_usd": 0.00871148144392793,
  "realized_losses_usd": 0,
  "invested_energy_usd": 334.48012637700543,
  "free_energy_usd": 123.19724247658735,
  "unrealized_pnl_usd": -8.3634602646058,
  "relay_energy": {
    "BIN": 279.94939596928765,
    "KRK": 161.96621320653287,
    "ALP": 7.398299413166454,
    "CAP": 0.0
  },
  "total_input": 462.3520182237333,
  "total_output": 0.00871148144392793,
  "total_stored": 449.313908588987,
  "energy_balance": 13.029398153302395,
  "is_balanced": false
}